Date,open_sp,high_sp,low_sp,close_sp,volume_sp
"Oct 22, 2018","2773.94","2778.94","2749.22","2755.88","3331270000"
"Oct 19, 2018","2775.66","2797.77","2760.27","2767.78","3593940000"
"Oct 18, 2018","2802.00","2806.04","2755.18","2768.78","3639300000"
"Oct 17, 2018","2811.67","2816.94","2781.81","2809.21","3347090000"
"Oct 16, 2018","2767.05","2813.46","2766.91","2809.92","3460260000"
"Oct 15, 2018","2763.83","2775.99","2749.03","2750.79","3327160000"
"Oct 12, 2018","2770.54","2775.77","2729.44","2767.13","4024010000"
"Oct 11, 2018","2776.87","2795.14","2710.51","2728.37","4914090000"
"Oct 10, 2018","2873.90","2874.02","2784.86","2785.68","4554260000"
"Oct 09, 2018","2882.51","2894.83","2874.27","2880.34","3531690000"
"Oct 08, 2018","2877.53","2889.45","2862.08","2884.43","3381820000"
"Oct 05, 2018","2902.54","2909.64","2869.29","2885.57","3340820000"
"Oct 04, 2018","2919.35","2919.78","2883.92","2901.61","3510370000"
"Oct 03, 2018","2931.69","2939.86","2921.36","2925.51","3625510000"
"Oct 02, 2018","2923.80","2931.42","2919.37","2923.43","3432620000"
"Oct 01, 2018","2926.29","2937.06","2917.91","2924.59","3375890000"
"Sep 28, 2018","2910.03","2920.53","2907.50","2913.98","3461680000"
"Sep 27, 2018","2911.65","2927.22","2909.27","2914.00","3101360000"
"Sep 26, 2018","2916.98","2931.15","2903.28","2905.97","3417540000"
"Sep 25, 2018","2921.75","2923.95","2913.70","2915.56","3330880000"
"Sep 24, 2018","2921.83","2923.79","2912.63","2919.37","3392030000"
"Sep 21, 2018","2936.76","2940.91","2927.11","2929.67","5652470000"
"Sep 20, 2018","2919.73","2934.80","2919.73","2930.75","3406520000"
"Sep 19, 2018","2906.60","2912.36","2903.82","2907.95","3302460000"
"Sep 18, 2018","2890.74","2911.17","2890.43","2904.31","3091190000"
"Sep 17, 2018","2903.83","2904.65","2886.16","2888.80","2967980000"
"Sep 14, 2018","2906.38","2908.30","2895.77","2904.98","3179410000"
"Sep 13, 2018","2896.85","2906.76","2896.39","2904.18","3274090000"
"Sep 12, 2018","2888.29","2894.65","2879.20","2888.92","3341280000"
"Sep 11, 2018","2871.57","2892.52","2866.78","2887.89","2904500000"
"Sep 10, 2018","2881.39","2886.93","2875.94","2877.13","2751100000"
"Sep 07, 2018","2868.26","2883.81","2864.12","2871.68","2976580000"
"Sep 06, 2018","2888.64","2892.05","2867.29","2878.05","3144240000"
"Sep 05, 2018","2891.59","2894.21","2876.92","2888.60","3248780000"
"Sep 04, 2018","2896.96","2900.18","2885.13","2896.72","3087420000"
"Aug 31, 2018","2898.37","2906.32","2891.73","2901.52","2887220000"
"Aug 30, 2018","2908.94","2912.46","2895.22","2901.13","2810450000"
"Aug 29, 2018","2900.62","2916.50","2898.40","2914.04","2805520000"
"Aug 28, 2018","2901.45","2903.77","2893.50","2897.52","2687770000"
"Aug 27, 2018","2884.69","2898.25","2884.69","2896.74","2865070000"
"Aug 24, 2018","2862.35","2876.16","2862.35","2874.69","2603010000"
"Aug 23, 2018","2860.29","2868.78","2854.03","2856.98","2724450000"
"Aug 22, 2018","2860.99","2867.54","2856.05","2861.82","2701250000"
"Aug 21, 2018","2861.51","2873.23","2861.32","2862.96","3174010000"
"Aug 20, 2018","2853.93","2859.76","2850.62","2857.05","2757150000"
"Aug 17, 2018","2838.32","2855.63","2833.73","2850.13","3037640000"
"Aug 16, 2018","2831.44","2850.49","2831.44","2840.69","3232000000"
"Aug 15, 2018","2827.95","2827.95","2802.49","2818.37","3656680000"
"Aug 14, 2018","2827.88","2843.11","2826.58","2839.96","2986500000"
"Aug 13, 2018","2835.46","2843.40","2819.88","2821.93","3173630000"
"Aug 10, 2018","2838.90","2842.20","2825.81","2833.28","3265590000"
"Aug 09, 2018","2857.19","2862.48","2851.98","2853.58","3066180000"
"Aug 08, 2018","2856.79","2862.44","2853.09","2857.70","2978070000"
"Aug 07, 2018","2855.92","2863.43","2855.92","2858.45","3185440000"
"Aug 06, 2018","2840.29","2853.29","2835.98","2850.40","2879020000"
"Aug 03, 2018","2829.62","2840.38","2827.37","2840.35","3043690000"
"Aug 02, 2018","2800.48","2829.91","2796.34","2827.22","3501380000"
"Aug 01, 2018","2821.17","2825.83","2805.85","2813.36","3501350000"
"Jul 31, 2018","2809.73","2824.46","2808.06","2816.29","3906890000"
"Jul 30, 2018","2819.00","2821.74","2798.11","2802.60","3261190000"
"Jul 27, 2018","2842.35","2843.17","2808.34","2818.82","3434370000"
"Jul 26, 2018","2835.49","2845.57","2835.26","2837.44","3667290000"
"Jul 25, 2018","2817.73","2848.03","2817.73","2846.07","3584400000"
"Jul 24, 2018","2820.68","2829.99","2811.12","2820.40","3430410000"
"Jul 23, 2018","2799.17","2808.61","2795.14","2806.98","2928490000"
"Jul 20, 2018","2804.55","2809.70","2800.01","2801.83","3243250000"
"Jul 19, 2018","2809.37","2812.05","2799.77","2804.49","3278360000"
"Jul 18, 2018","2811.35","2816.76","2805.89","2815.62","3111560000"
"Jul 17, 2018","2789.34","2814.19","2789.24","2809.55","3064920000"
"Jul 16, 2018","2797.36","2801.19","2793.39","2798.43","2819860000"
"Jul 13, 2018","2796.93","2804.53","2791.69","2801.31","2619790000"
"Jul 12, 2018","2783.14","2799.22","2781.53","2798.29","2834230000"
"Jul 11, 2018","2779.82","2785.91","2770.77","2774.02","2986180000"
"Jul 10, 2018","2788.56","2795.58","2786.24","2793.84","3080140000"
"Jul 09, 2018","2775.62","2784.65","2770.73","2784.17","3070060000"
"Jul 06, 2018","2737.68","2764.41","2733.52","2759.82","2590250000"
"Jul 05, 2018","2724.19","2737.83","2716.02","2736.61","2980160000"
"Jul 03, 2018","2733.27","2736.58","2711.16","2713.22","1911460000"
"Jul 02, 2018","2704.95","2727.26","2698.95","2726.71","3095040000"
"Jun 29, 2018","2727.13","2743.26","2718.03","2718.37","3586800000"
"Jun 28, 2018","2698.69","2724.34","2691.99","2716.31","3461100000"
"Jun 27, 2018","2728.45","2746.09","2699.38","2699.63","3803990000"
"Jun 26, 2018","2722.12","2732.91","2715.60","2723.06","3568900000"
"Jun 25, 2018","2742.94","2742.94","2698.67","2717.07","3663280000"
"Jun 22, 2018","2760.79","2764.17","2752.68","2754.88","5468110000"
"Jun 21, 2018","2769.28","2769.28","2744.39","2749.76","3336580000"
"Jun 20, 2018","2769.73","2774.86","2763.91","2767.32","3332140000"
"Jun 19, 2018","2752.01","2765.05","2743.19","2762.59","3671160000"
"Jun 18, 2018","2765.79","2774.99","2757.12","2773.75","3316120000"
"Jun 15, 2018","2777.78","2782.81","2761.73","2779.66","5451990000"
"Jun 14, 2018","2783.21","2789.06","2776.52","2782.49","3540930000"
"Jun 13, 2018","2787.94","2791.47","2774.65","2775.63","3820770000"
"Jun 12, 2018","2785.60","2789.80","2778.78","2786.85","3435700000"
"Jun 11, 2018","2780.18","2790.21","2780.17","2782.00","3262130000"
"Jun 08, 2018","2765.84","2779.39","2763.59","2779.03","3138850000"
"Jun 07, 2018","2774.84","2779.90","2760.16","2770.37","3742080000"
"Jun 06, 2018","2753.25","2772.39","2748.46","2772.35","3662780000"
"Jun 05, 2018","2748.46","2752.61","2739.51","2748.80","3523550000"
"Jun 04, 2018","2741.67","2749.16","2740.54","2746.87","3410090000"
"Jun 01, 2018","2718.70","2736.93","2718.70","2734.62","3694310000"
"May 31, 2018","2720.98","2722.50","2700.68","2705.27","4241100000"
"May 30, 2018","2702.43","2729.34","2702.43","2724.01","3566490000"
"May 29, 2018","2705.11","2710.67","2676.81","2689.86","3743310000"
"May 25, 2018","2723.60","2727.36","2714.99","2721.33","3015260000"
"May 24, 2018","2730.94","2731.97","2707.38","2727.76","3285750000"
"May 23, 2018","2713.98","2733.33","2709.54","2733.29","3333160000"
"May 22, 2018","2738.34","2742.24","2721.88","2724.44","3384140000"
"May 21, 2018","2735.39","2739.19","2725.70","2733.01","3053480000"
"May 18, 2018","2717.35","2719.50","2709.18","2712.97","3383270000"
"May 17, 2018","2719.71","2731.96","2711.36","2720.13","3478150000"
"May 16, 2018","2712.62","2727.76","2712.17","2722.46","3248480000"
"May 15, 2018","2718.59","2718.59","2701.91","2711.45","3291190000"
"May 14, 2018","2738.47","2742.10","2725.47","2730.13","2994360000"
"May 11, 2018","2722.70","2732.86","2717.45","2727.72","2874850000"
"May 10, 2018","2705.02","2726.11","2704.54","2723.07","3380640000"
"May 09, 2018","2678.12","2701.27","2674.14","2697.79","3913650000"
"May 08, 2018","2670.26","2676.34","2655.20","2671.92","3745100000"
"May 07, 2018","2680.34","2683.35","2664.70","2672.63","3266810000"
"May 04, 2018","2621.45","2670.93","2615.32","2663.42","3335260000"
"May 03, 2018","2628.08","2637.14","2594.62","2629.73","3867530000"
"May 02, 2018","2654.24","2660.87","2631.70","2635.67","4047020000"
"May 01, 2018","2642.96","2655.27","2625.41","2654.80","3562820000"
"Apr 30, 2018","2682.51","2682.87","2648.04","2648.05","3749510000"
"Apr 27, 2018","2675.47","2677.35","2659.01","2669.91","3234510000"
"Apr 26, 2018","2651.65","2676.48","2647.16","2666.94","3690920000"
"Apr 25, 2018","2634.92","2645.30","2612.67","2639.40","3563680000"
"Apr 24, 2018","2680.80","2683.55","2617.32","2634.56","3716020000"
"Apr 23, 2018","2675.40","2682.86","2657.99","2670.29","3030390000"
"Apr 20, 2018","2692.56","2693.94","2660.61","2670.14","3428260000"
"Apr 19, 2018","2701.16","2702.84","2681.90","2693.13","3375120000"
"Apr 18, 2018","2710.11","2717.49","2703.63","2708.64","3412030000"
"Apr 17, 2018","2692.74","2713.34","2692.05","2706.39","3286190000"
"Apr 16, 2018","2670.10","2686.49","2665.16","2677.84","3020740000"
"Apr 13, 2018","2676.90","2680.26","2645.05","2656.30","2988540000"
"Apr 12, 2018","2653.83","2674.72","2653.83","2663.99","3045330000"
"Apr 11, 2018","2643.89","2661.43","2639.25","2642.19","3054520000"
"Apr 10, 2018","2638.41","2665.45","2635.78","2656.87","3579130000"
"Apr 09, 2018","2617.18","2653.55","2610.79","2613.16","3076140000"
"Apr 06, 2018","2645.82","2656.88","2586.27","2604.47","3312390000"
"Apr 05, 2018","2657.36","2672.08","2649.58","2662.84","3230430000"
"Apr 04, 2018","2584.04","2649.86","2573.61","2644.69","3369230000"
"Apr 03, 2018","2592.17","2619.14","2575.49","2614.45","3395840000"
"Apr 02, 2018","2633.45","2638.30","2553.80","2581.88","3635780000"
"Mar 29, 2018","2614.41","2659.07","2609.72","2640.87","3572360000"
"Mar 28, 2018","2611.30","2632.65","2593.06","2605.00","3875720000"
"Mar 27, 2018","2667.57","2674.78","2596.12","2612.62","3761320000"
"Mar 26, 2018","2619.35","2661.36","2601.81","2658.55","3538080000"
"Mar 23, 2018","2646.71","2657.67","2585.89","2588.26","3829380000"
"Mar 22, 2018","2691.36","2695.68","2641.59","2643.69","3765460000"
"Mar 21, 2018","2714.99","2739.14","2709.79","2711.93","3434780000"
"Mar 20, 2018","2715.05","2724.22","2710.05","2716.94","3272590000"
"Mar 19, 2018","2741.38","2741.38","2694.59","2712.92","3327460000"
"Mar 16, 2018","2750.57","2761.85","2749.97","2752.01","5429140000"
"Mar 15, 2018","2754.27","2763.03","2741.47","2747.33","3543710000"
"Mar 14, 2018","2774.06","2777.11","2744.38","2749.48","3394630000"
"Mar 13, 2018","2792.31","2801.90","2758.68","2765.31","3324290000"
"Mar 12, 2018","2790.54","2796.98","2779.26","2783.02","3216960000"
"Mar 09, 2018","2752.91","2786.57","2751.54","2786.57","3376870000"
"Mar 08, 2018","2732.75","2740.45","2722.65","2738.97","3206040000"
"Mar 07, 2018","2710.18","2730.60","2701.74","2726.80","3406690000"
"Mar 06, 2018","2730.18","2732.08","2711.26","2728.12","3389030000"
"Mar 05, 2018","2681.06","2728.09","2675.75","2720.94","3733640000"
"Mar 02, 2018","2658.89","2696.25","2647.32","2691.25","3891250000"
"Mar 01, 2018","2715.22","2730.89","2659.65","2677.67","4514490000"
"Feb 28, 2018","2753.78","2761.52","2713.54","2713.83","4244570000"
"Feb 27, 2018","2780.45","2789.15","2744.22","2744.28","3752070000"
"Feb 26, 2018","2757.37","2780.64","2753.78","2779.60","3436590000"
"Feb 23, 2018","2715.80","2747.76","2713.74","2747.30","3200360000"
"Feb 22, 2018","2710.42","2731.26","2697.77","2703.96","3720620000"
"Feb 21, 2018","2720.53","2747.75","2701.29","2701.33","3789040000"
"Feb 20, 2018","2722.99","2737.60","2706.76","2716.26","3646920000"
"Feb 16, 2018","2727.14","2754.42","2725.11","2732.22","3646920000"
"Feb 15, 2018","2713.46","2731.51","2689.82","2731.20","3696140000"
"Feb 14, 2018","2651.21","2702.10","2648.87","2698.63","4011940000"
"Feb 13, 2018","2646.27","2668.84","2637.08","2662.94","3503540000"
"Feb 12, 2018","2636.75","2672.61","2622.45","2656.00","4069220000"
"Feb 09, 2018","2601.78","2638.67","2532.69","2619.55","5690110000"
"Feb 08, 2018","2685.01","2685.27","2580.56","2581.00","5333840000"
"Feb 07, 2018","2690.95","2727.67","2681.33","2681.66","4646300000"
"Feb 06, 2018","2614.78","2701.04","2593.07","2695.14","5917350000"
"Feb 05, 2018","2741.06","2763.39","2638.17","2648.94","5310840000"
"Feb 02, 2018","2808.92","2808.92","2759.97","2762.13","4340220000"
"Feb 01, 2018","2816.45","2835.96","2812.70","2821.98","3977380000"
"Jan 31, 2018","2832.41","2839.26","2813.04","2823.81","4276270000"
"Jan 30, 2018","2832.74","2837.75","2818.27","2822.43","4012070000"
"Jan 29, 2018","2867.23","2870.62","2851.48","2853.53","3587420000"
"Jan 26, 2018","2847.48","2872.87","2846.18","2872.87","3474680000"
"Jan 25, 2018","2846.24","2848.56","2830.94","2839.25","3873100000"
"Jan 24, 2018","2845.42","2852.97","2824.81","2837.54","4079270000"
"Jan 23, 2018","2835.05","2842.24","2830.59","2839.13","3541140000"
"Jan 22, 2018","2809.16","2833.03","2808.12","2832.97","3489480000"
"Jan 19, 2018","2802.60","2810.33","2798.08","2810.30","3724230000"
"Jan 18, 2018","2802.40","2805.83","2792.56","2798.03","3703300000"
"Jan 17, 2018","2784.99","2807.04","2778.38","2802.56","3790340000"
"Jan 16, 2018","2798.96","2807.54","2768.64","2776.42","4362880000"
"Jan 12, 2018","2770.18","2787.85","2769.64","2786.24","3587220000"
"Jan 11, 2018","2752.97","2767.56","2752.78","2767.56","3645690000"
"Jan 10, 2018","2745.55","2750.80","2736.06","2748.23","3579900000"
"Jan 09, 2018","2751.15","2759.14","2747.86","2751.29","3467460000"
"Jan 08, 2018","2742.67","2748.51","2737.60","2747.71","3246160000"
"Jan 05, 2018","2731.33","2743.45","2727.92","2743.15","3239280000"
"Jan 04, 2018","2719.31","2729.29","2719.07","2723.99","3697340000"
"Jan 03, 2018","2697.85","2714.37","2697.77","2713.06","3544030000"
"Jan 02, 2018","2683.73","2695.89","2682.36","2695.81","3397430000"
"Dec 29, 2017","2689.15","2692.12","2673.61","2673.61","2447760000"
"Dec 28, 2017","2686.10","2687.66","2682.69","2687.54","2174890000"
"Dec 27, 2017","2682.10","2685.64","2678.91","2682.62","2202900000"
"Dec 26, 2017","2679.09","2682.74","2677.96","2680.50","1970660000"
"Dec 22, 2017","2684.22","2685.35","2678.13","2683.34","2401030000"
"Dec 21, 2017","2683.02","2692.64","2682.40","2684.57","3293130000"
"Dec 20, 2017","2688.18","2691.01","2676.11","2679.25","3246230000"
"Dec 19, 2017","2692.71","2694.44","2680.74","2681.47","3407680000"
"Dec 18, 2017","2685.92","2694.97","2685.92","2690.16","3727770000"
"Dec 15, 2017","2660.63","2679.63","2659.14","2675.81","5736910000"
"Dec 14, 2017","2665.87","2668.09","2652.01","2652.01","3442760000"
"Dec 13, 2017","2667.59","2671.88","2662.85","2662.85","3568360000"
"Dec 12, 2017","2661.73","2669.72","2659.78","2664.11","3568910000"
"Dec 11, 2017","2652.19","2660.33","2651.47","2659.99","3141480000"
"Dec 08, 2017","2646.21","2651.65","2644.10","2651.50","3126750000"
"Dec 07, 2017","2628.38","2640.99","2626.53","2636.98","3297060000"
"Dec 06, 2017","2626.24","2634.41","2624.75","2629.27","3253080000"
"Dec 05, 2017","2639.78","2648.72","2627.73","2629.57","3547570000"
"Dec 04, 2017","2657.19","2665.19","2639.03","2639.44","4025840000"
"Dec 01, 2017","2645.10","2650.62","2605.52","2642.22","3950930000"
"Nov 30, 2017","2633.93","2657.74","2633.93","2647.58","4965700000"
"Nov 29, 2017","2627.82","2634.89","2620.32","2626.07","4090630000"
"Nov 28, 2017","2605.94","2627.69","2605.44","2627.04","3493340000"
"Nov 27, 2017","2602.66","2606.41","2598.87","2601.42","3017720000"
"Nov 24, 2017","2600.42","2604.21","2600.42","2602.42","1385890000"
"Nov 22, 2017","2600.31","2600.94","2595.23","2597.08","2764110000"
"Nov 21, 2017","2589.17","2601.19","2589.17","2599.03","3351230000"
"Nov 20, 2017","2579.49","2584.64","2578.24","2582.14","3023940000"
"Nov 17, 2017","2582.94","2583.96","2577.62","2578.85","3309800000"
"Nov 16, 2017","2572.95","2590.09","2572.95","2585.64","3329730000"
"Nov 15, 2017","2569.45","2572.84","2557.45","2564.62","3586590000"
"Nov 14, 2017","2577.75","2579.66","2566.56","2578.87","3643580000"
"Nov 13, 2017","2576.53","2587.66","2574.48","2584.84","3405200000"
"Nov 10, 2017","2580.18","2583.81","2575.57","2582.30","3489740000"
"Nov 09, 2017","2584.00","2586.50","2566.33","2584.62","3844100000"
"Nov 08, 2017","2588.71","2595.47","2585.02","2594.38","3898450000"
"Nov 07, 2017","2592.11","2597.02","2584.35","2590.64","3815190000"
"Nov 06, 2017","2587.47","2593.38","2585.66","2591.13","3541970000"
"Nov 03, 2017","2581.93","2588.42","2576.77","2587.84","3568710000"
"Nov 02, 2017","2579.46","2581.11","2566.17","2579.85","4050140000"
"Nov 01, 2017","2583.21","2588.40","2574.92","2579.36","3841200000"
"Oct 31, 2017","2575.99","2578.29","2572.15","2575.26","3844420000"
"Oct 30, 2017","2577.75","2580.03","2568.25","2572.83","3660230000"
"Oct 27, 2017","2570.26","2582.98","2565.94","2581.07","3896100000"
"Oct 26, 2017","2560.08","2567.07","2559.80","2560.40","3891750000"
"Oct 25, 2017","2566.52","2567.40","2544.00","2557.15","3885470000"
"Oct 24, 2017","2568.66","2572.18","2565.58","2569.13","3435660000"
"Oct 23, 2017","2578.08","2578.29","2564.33","2564.98","3214470000"
"Oct 20, 2017","2567.56","2575.44","2567.56","2575.21","3394450000"
"Oct 19, 2017","2553.39","2562.36","2547.92","2562.10","3019520000"
"Oct 18, 2017","2562.87","2564.11","2559.67","2561.26","2999320000"
"Oct 17, 2017","2557.17","2559.71","2554.69","2559.36","2901890000"
"Oct 16, 2017","2555.57","2559.47","2552.64","2557.64","2918030000"
"Oct 13, 2017","2555.66","2557.65","2552.09","2553.17","3150470000"
"Oct 12, 2017","2552.88","2555.33","2548.31","2550.93","3157280000"
"Oct 11, 2017","2550.62","2555.24","2547.95","2555.24","2991320000"
"Oct 10, 2017","2549.99","2555.23","2544.86","2550.64","2962610000"
"Oct 09, 2017","2551.39","2551.82","2541.60","2544.73","2486940000"
"Oct 06, 2017","2547.44","2549.41","2543.79","2549.33","2898270000"
"Oct 05, 2017","2540.86","2552.51","2540.02","2552.07","3059730000"
"Oct 04, 2017","2533.48","2540.53","2531.80","2537.74","3020770000"
"Oct 03, 2017","2530.34","2535.13","2528.85","2534.58","3073480000"
"Oct 02, 2017","2521.20","2529.23","2520.40","2529.12","3226370000"
"Sep 29, 2017","2509.96","2519.44","2507.99","2519.36","3220260000"
"Sep 28, 2017","2503.41","2510.81","2502.93","2510.06","3173030000"
"Sep 27, 2017","2503.30","2511.75","2495.91","2507.04","3485070000"
"Sep 26, 2017","2501.04","2503.51","2495.12","2496.84","3070770000"
"Sep 25, 2017","2499.39","2502.54","2488.03","2496.66","3314530000"
"Sep 22, 2017","2497.26","2503.47","2496.54","2502.22","2877980000"
"Sep 21, 2017","2507.16","2507.16","2499.00","2500.60","2965590000"
"Sep 20, 2017","2506.84","2508.85","2496.67","2508.24","3584570000"
"Sep 19, 2017","2506.29","2507.84","2503.19","2506.65","3253760000"
"Sep 18, 2017","2502.51","2508.32","2499.92","2503.87","3204700000"
"Sep 15, 2017","2495.67","2500.23","2493.16","2500.23","4862970000"
"Sep 14, 2017","2494.56","2498.43","2491.35","2495.62","3422470000"
"Sep 13, 2017","2493.89","2498.37","2492.14","2498.37","3371370000"
"Sep 12, 2017","2491.94","2496.77","2490.37","2496.48","3234280000"
"Sep 11, 2017","2474.52","2488.95","2474.52","2488.11","3293460000"
"Sep 08, 2017","2462.25","2467.11","2459.40","2461.43","3308360000"
"Sep 07, 2017","2468.06","2468.62","2460.29","2465.10","3365780000"
"Sep 06, 2017","2463.83","2469.64","2459.20","2465.54","3400200000"
"Sep 05, 2017","2470.35","2471.97","2446.55","2457.85","3502190000"
"Sep 01, 2017","2474.42","2480.38","2473.85","2476.55","2712780000"
"Aug 31, 2017","2462.65","2475.01","2462.65","2471.65","3353860000"
"Aug 30, 2017","2446.06","2460.31","2443.77","2457.59","2637780000"
"Aug 29, 2017","2431.94","2449.19","2428.20","2446.30","2739460000"
"Aug 28, 2017","2447.35","2449.12","2439.03","2444.24","2682920000"
"Aug 25, 2017","2444.72","2453.96","2442.22","2443.05","2593350000"
"Aug 24, 2017","2447.91","2450.39","2436.19","2438.97","2849680000"
"Aug 23, 2017","2444.88","2448.91","2441.42","2444.04","2796950000"
"Aug 22, 2017","2433.75","2454.77","2433.67","2452.51","2780990000"
"Aug 21, 2017","2425.50","2430.58","2417.35","2428.37","2803650000"
"Aug 18, 2017","2427.64","2440.27","2420.69","2425.55","3426970000"
"Aug 17, 2017","2462.95","2465.02","2430.01","2430.01","3164950000"
"Aug 16, 2017","2468.63","2474.93","2463.86","2468.11","2956570000"
"Aug 15, 2017","2468.66","2468.90","2461.61","2464.61","2922430000"
"Aug 14, 2017","2454.96","2468.22","2454.96","2465.84","2824320000"
"Aug 11, 2017","2441.04","2448.09","2437.85","2441.32","3161830000"
"Aug 10, 2017","2465.38","2465.38","2437.75","2438.21","3635820000"
"Aug 09, 2017","2465.35","2474.41","2462.08","2474.02","3310960000"
"Aug 08, 2017","2478.35","2490.87","2470.32","2474.92","3347480000"
"Aug 07, 2017","2477.14","2480.95","2475.88","2480.91","2935130000"
"Aug 04, 2017","2476.88","2480.00","2472.08","2476.83","3239980000"
"Aug 03, 2017","2476.03","2476.03","2468.85","2472.16","3662410000"
"Aug 02, 2017","2480.38","2480.38","2466.48","2477.57","3487150000"
"Aug 01, 2017","2477.10","2478.51","2471.14","2476.35","3470260000"
"Jul 31, 2017","2475.94","2477.96","2468.53","2470.30","3475930000"
"Jul 28, 2017","2469.12","2473.53","2464.66","2472.10","3302850000"
"Jul 27, 2017","2482.76","2484.04","2459.93","2475.42","4035740000"
"Jul 26, 2017","2479.97","2481.69","2474.94","2477.83","3597830000"
"Jul 25, 2017","2477.88","2481.24","2474.91","2477.13","4116360000"
"Jul 24, 2017","2472.04","2473.10","2466.32","2469.91","3019920000"
"Jul 21, 2017","2467.40","2472.54","2465.06","2472.54","3066880000"
"Jul 20, 2017","2475.56","2477.62","2468.43","2473.45","3223820000"
"Jul 19, 2017","2463.85","2473.83","2463.85","2473.83","3063810000"
"Jul 18, 2017","2455.88","2460.92","2450.34","2460.61","2974090000"
"Jul 17, 2017","2459.50","2462.82","2457.16","2459.14","2800580000"
"Jul 14, 2017","2449.16","2463.54","2446.69","2459.27","2738460000"
"Jul 13, 2017","2444.99","2449.32","2441.69","2447.83","3068510000"
"Jul 12, 2017","2435.75","2445.76","2435.75","2443.25","3176900000"
"Jul 11, 2017","2427.35","2429.30","2412.79","2425.53","3108800000"
"Jul 10, 2017","2424.51","2432.00","2422.27","2427.43","3009880000"
"Jul 07, 2017","2413.52","2426.92","2413.52","2425.18","2929390000"
"Jul 06, 2017","2423.44","2424.28","2407.70","2409.75","3368710000"
"Jul 05, 2017","2430.78","2434.90","2422.05","2432.54","3368150000"
"Jul 03, 2017","2431.39","2439.17","2428.69","2429.01","1901480000"
"Jun 30, 2017","2429.20","2432.71","2421.65","2423.41","3366030000"
"Jun 29, 2017","2442.38","2442.73","2405.70","2419.70","3869560000"
"Jun 28, 2017","2428.70","2442.97","2428.02","2440.69","3479980000"
"Jun 27, 2017","2436.34","2440.15","2419.38","2419.38","3564770000"
"Jun 26, 2017","2443.32","2450.42","2437.03","2439.07","3243660000"
"Jun 23, 2017","2434.65","2441.40","2431.11","2438.30","5282460000"
"Jun 22, 2017","2437.40","2441.62","2433.27","2434.50","3477250000"
"Jun 21, 2017","2439.31","2442.23","2430.74","2435.61","3599190000"
"Jun 20, 2017","2450.66","2450.66","2436.60","2437.03","3422700000"
"Jun 19, 2017","2442.55","2453.82","2441.79","2453.46","3271480000"
"Jun 16, 2017","2431.24","2433.15","2422.88","2433.15","5299380000"
"Jun 15, 2017","2424.14","2433.95","2418.53","2432.46","3371980000"
"Jun 14, 2017","2443.75","2443.75","2428.34","2437.92","3558640000"
"Jun 13, 2017","2434.15","2441.49","2431.28","2440.35","3278240000"
"Jun 12, 2017","2425.88","2430.38","2419.97","2429.39","4031840000"
"Jun 09, 2017","2436.39","2446.20","2415.70","2431.77","4029860000"
"Jun 08, 2017","2434.27","2439.27","2427.94","2433.79","3735980000"
"Jun 07, 2017","2432.03","2435.28","2424.75","2433.14","3576220000"
"Jun 06, 2017","2431.92","2436.21","2428.12","2429.33","3376750000"
"Jun 05, 2017","2437.83","2439.55","2434.32","2436.10","2916720000"
"Jun 02, 2017","2431.28","2440.23","2427.71","2439.07","3465500000"
"Jun 01, 2017","2415.65","2430.06","2413.54","2430.06","3860620000"
"May 31, 2017","2415.63","2415.99","2403.59","2411.80","4518040000"
"May 30, 2017","2411.67","2415.26","2409.43","2412.91","3205860000"
"May 26, 2017","2414.50","2416.68","2412.20","2415.82","2806930000"
"May 25, 2017","2409.54","2418.71","2408.01","2415.07","3538210000"
"May 24, 2017","2401.41","2405.58","2397.99","2404.39","3389240000"
"May 23, 2017","2397.04","2400.85","2393.88","2398.42","3216560000"
"May 22, 2017","2387.21","2395.46","2386.92","2394.02","3176580000"
"May 19, 2017","2371.37","2389.06","2370.43","2381.73","3831700000"
"May 18, 2017","2354.69","2375.74","2352.72","2365.72","4319440000"
"May 17, 2017","2382.95","2384.87","2356.21","2357.03","4164760000"
"May 16, 2017","2404.55","2405.77","2396.05","2400.67","3421810000"
"May 15, 2017","2393.98","2404.05","2393.94","2402.32","3490080000"
"May 12, 2017","2392.44","2392.44","2387.19","2390.90","3304620000"
"May 11, 2017","2394.84","2395.72","2381.74","2394.44","3727710000"
"May 10, 2017","2396.79","2399.74","2392.79","2399.63","3649370000"
"May 09, 2017","2401.58","2403.87","2392.44","2396.92","3657840000"
"May 08, 2017","2399.94","2401.36","2393.92","2399.38","3429990000"
"May 05, 2017","2392.37","2399.29","2389.38","2399.29","3543240000"
"May 04, 2017","2389.79","2391.43","2380.35","2389.52","4367860000"
"May 03, 2017","2386.50","2389.82","2379.75","2388.13","3896760000"
"May 02, 2017","2391.05","2392.93","2385.82","2391.17","3861360000"
"May 01, 2017","2388.50","2394.49","2384.83","2388.33","3201500000"
"Apr 28, 2017","2393.68","2393.68","2382.36","2384.20","3721350000"
"Apr 27, 2017","2389.70","2392.10","2382.68","2388.77","4099940000"
"Apr 26, 2017","2388.98","2398.16","2386.78","2387.45","4111350000"
"Apr 25, 2017","2381.51","2392.48","2381.15","2388.61","4005820000"
"Apr 24, 2017","2370.33","2376.98","2369.19","2374.15","3711170000"
"Apr 21, 2017","2354.74","2356.18","2344.51","2348.69","3524160000"
"Apr 20, 2017","2342.69","2361.37","2340.91","2355.84","3648990000"
"Apr 19, 2017","2346.79","2352.63","2335.05","2338.17","3521160000"
"Apr 18, 2017","2342.53","2348.35","2334.54","2342.19","3272210000"
"Apr 17, 2017","2332.62","2349.14","2332.51","2349.01","2826890000"
"Apr 13, 2017","2341.98","2348.26","2328.95","2328.95","3146380000"
"Apr 12, 2017","2352.15","2352.72","2341.18","2344.93","3201300000"
"Apr 11, 2017","2353.92","2355.22","2337.25","2353.78","3120900000"
"Apr 10, 2017","2357.16","2366.37","2351.50","2357.16","2792570000"
"Apr 07, 2017","2356.59","2363.76","2350.74","2355.54","3054700000"
"Apr 06, 2017","2353.79","2364.16","2348.90","2357.49","3203250000"
"Apr 05, 2017","2366.59","2378.36","2350.52","2352.95","3780650000"
"Apr 04, 2017","2354.76","2360.53","2350.72","2360.16","3208340000"
"Apr 03, 2017","2362.34","2365.87","2344.73","2358.84","3418730000"
"Mar 31, 2017","2364.82","2370.35","2362.60","2362.72","3356740000"
"Mar 30, 2017","2361.31","2370.42","2358.58","2368.06","3159680000"
"Mar 29, 2017","2356.54","2363.36","2352.94","2361.13","3107670000"
"Mar 28, 2017","2339.79","2363.78","2337.63","2358.57","3369120000"
"Mar 27, 2017","2329.11","2344.90","2322.25","2341.59","3242300000"
"Mar 24, 2017","2350.42","2356.22","2335.74","2343.98","2978530000"
"Mar 23, 2017","2345.97","2358.92","2342.13","2345.96","3262400000"
"Mar 22, 2017","2343.00","2351.81","2336.45","2348.45","3575160000"
"Mar 21, 2017","2379.32","2381.93","2341.90","2344.02","4278890000"
"Mar 20, 2017","2378.24","2379.55","2369.66","2373.47","3061560000"
"Mar 17, 2017","2383.71","2385.71","2377.64","2378.25","5179820000"
"Mar 16, 2017","2387.71","2388.10","2377.18","2381.38","3368880000"
"Mar 15, 2017","2370.34","2390.01","2368.94","2385.26","3909490000"
"Mar 14, 2017","2368.55","2368.55","2358.18","2365.45","3173760000"
"Mar 13, 2017","2371.56","2374.42","2368.52","2373.47","3166650000"
"Mar 10, 2017","2372.52","2376.86","2363.04","2372.60","3434400000"
"Mar 09, 2017","2363.49","2369.08","2354.54","2364.87","3718450000"
"Mar 08, 2017","2369.81","2373.09","2361.01","2362.98","3814080000"
"Mar 07, 2017","2370.74","2375.12","2365.51","2368.39","3526300000"
"Mar 06, 2017","2375.23","2378.80","2367.98","2375.31","3251800000"
"Mar 03, 2017","2380.92","2383.89","2375.39","2383.12","3556670000"
"Mar 02, 2017","2394.75","2394.75","2380.17","2381.92","3824030000"
"Mar 01, 2017","2380.13","2400.98","2380.13","2395.96","4347630000"
"Feb 28, 2017","2366.08","2367.79","2358.96","2363.64","4212460000"
"Feb 27, 2017","2365.23","2371.54","2361.87","2369.75","3584680000"
"Feb 24, 2017","2355.73","2367.34","2352.87","2367.34","3832410000"
"Feb 23, 2017","2367.50","2368.26","2355.09","2363.81","4021770000"
"Feb 22, 2017","2361.11","2365.13","2358.34","2362.82","3473170000"
"Feb 21, 2017","2354.91","2366.71","2354.91","2365.38","3587520000"
"Feb 17, 2017","2343.01","2351.16","2339.58","2351.16","3516830000"
"Feb 16, 2017","2349.64","2351.31","2338.87","2347.22","3675900000"
"Feb 15, 2017","2335.58","2351.30","2334.81","2349.25","3785870000"
"Feb 14, 2017","2326.12","2337.58","2322.17","2337.58","3528040000"
"Feb 13, 2017","2321.72","2331.58","2321.42","2328.25","3352370000"
"Feb 10, 2017","2312.27","2319.23","2311.10","2316.10","3496600000"
"Feb 09, 2017","2296.70","2311.08","2296.61","2307.87","3681600000"
"Feb 08, 2017","2289.55","2295.91","2285.38","2294.67","3611950000"
"Feb 07, 2017","2295.87","2299.40","2290.16","2293.08","3452460000"
"Feb 06, 2017","2294.28","2296.18","2288.57","2292.56","3112390000"
"Feb 03, 2017","2288.54","2298.31","2287.88","2297.42","3605970000"
"Feb 02, 2017","2276.69","2283.97","2271.65","2280.85","3809760000"
"Feb 01, 2017","2285.59","2289.14","2272.44","2279.55","3919190000"
"Jan 31, 2017","2274.02","2279.09","2267.21","2278.87","4089730000"
"Jan 30, 2017","2286.01","2286.01","2268.04","2280.90","3595040000"
"Jan 27, 2017","2299.02","2299.02","2291.62","2294.69","3137420000"
"Jan 26, 2017","2298.63","2300.99","2294.08","2296.68","3611510000"
"Jan 25, 2017","2288.88","2299.55","2288.88","2298.37","3849340000"
"Jan 24, 2017","2267.88","2284.63","2266.68","2280.07","3816950000"
"Jan 23, 2017","2267.78","2271.78","2257.02","2265.20","3155240000"
"Jan 20, 2017","2269.96","2276.96","2265.01","2271.31","3536850000"
"Jan 19, 2017","2271.90","2274.33","2258.41","2263.69","3168390000"
"Jan 18, 2017","2269.14","2272.01","2263.35","2271.89","3317670000"
"Jan 17, 2017","2269.14","2272.08","2262.81","2267.89","3586950000"
"Jan 13, 2017","2272.74","2278.68","2271.51","2274.64","3090680000"
"Jan 12, 2017","2271.14","2271.78","2254.25","2270.44","3466220000"
"Jan 11, 2017","2268.60","2275.32","2260.83","2275.32","3625080000"
"Jan 10, 2017","2269.72","2279.27","2265.27","2268.90","3640560000"
"Jan 09, 2017","2273.59","2275.49","2268.90","2268.90","3219730000"
"Jan 06, 2017","2271.14","2282.10","2264.06","2276.98","3342080000"
"Jan 05, 2017","2268.18","2271.50","2260.45","2269.00","3785080000"
"Jan 04, 2017","2261.60","2272.82","2261.60","2270.75","3768890000"
"Jan 03, 2017","2251.57","2263.88","2245.13","2257.83","3773010000"
"Dec 30, 2016","2251.61","2253.58","2233.62","2238.83","2671550000"
"Dec 29, 2016","2249.50","2254.51","2244.56","2249.26","2338700000"
"Dec 28, 2016","2270.23","2271.31","2249.11","2249.92","2402750000"
"Dec 27, 2016","2266.23","2273.82","2266.15","2268.88","1989730000"
"Dec 23, 2016","2260.25","2263.79","2258.84","2263.79","2021230000"
"Dec 22, 2016","2262.93","2263.18","2256.08","2260.96","2880670000"
"Dec 21, 2016","2270.54","2271.23","2265.15","2265.18","2854880000"
"Dec 20, 2016","2266.50","2272.56","2266.14","2270.76","3306250000"
"Dec 19, 2016","2259.24","2267.47","2258.21","2262.53","3252840000"
"Dec 16, 2016","2266.81","2268.05","2254.24","2258.07","5928980000"
"Dec 15, 2016","2253.77","2272.12","2253.77","2262.03","4173360000"
"Dec 14, 2016","2268.35","2276.20","2248.44","2253.28","4409670000"
"Dec 13, 2016","2263.32","2277.53","2263.32","2271.72","3875630000"
"Dec 12, 2016","2258.83","2264.03","2252.37","2256.96","4038850000"
"Dec 09, 2016","2249.73","2259.80","2249.23","2259.53","3886460000"
"Dec 08, 2016","2241.13","2251.69","2237.57","2246.19","4203270000"
"Dec 07, 2016","2210.72","2241.63","2208.93","2241.35","4504070000"
"Dec 06, 2016","2207.26","2212.78","2202.21","2212.23","3857290000"
"Dec 05, 2016","2200.65","2209.42","2199.97","2204.71","3898530000"
"Dec 02, 2016","2191.12","2197.95","2188.37","2191.95","3782370000"
"Dec 01, 2016","2200.17","2202.60","2187.44","2191.08","5067470000"
"Nov 30, 2016","2204.97","2214.10","2198.81","2198.81","5538400000"
"Nov 29, 2016","2200.76","2210.46","2198.15","2204.66","3709190000"
"Nov 28, 2016","2210.21","2211.14","2200.36","2201.72","3515100000"
"Nov 25, 2016","2206.27","2213.35","2206.27","2213.35","1584590000"
"Nov 23, 2016","2198.55","2204.72","2194.51","2204.72","3419850000"
"Nov 22, 2016","2201.56","2204.80","2194.51","2202.94","3960520000"
"Nov 21, 2016","2186.43","2198.70","2186.43","2198.18","3611500000"
"Nov 18, 2016","2186.85","2189.89","2180.38","2181.90","3580900000"
"Nov 17, 2016","2178.61","2188.06","2176.65","2187.12","3811730000"
"Nov 16, 2016","2177.53","2179.22","2172.20","2176.94","3847900000"
"Nov 15, 2016","2168.29","2180.84","2166.38","2180.39","4548110000"
"Nov 14, 2016","2165.64","2171.36","2156.08","2164.20","5373670000"
"Nov 11, 2016","2162.71","2165.92","2152.49","2164.45","4993990000"
"Nov 10, 2016","2167.49","2182.30","2151.17","2167.48","6458450000"
"Nov 09, 2016","2131.56","2170.10","2125.35","2163.26","6267590000"
"Nov 08, 2016","2129.92","2146.87","2123.56","2139.56","3921850000"
"Nov 07, 2016","2100.59","2132.00","2100.59","2131.52","3739720000"
"Nov 04, 2016","2083.79","2099.07","2083.79","2085.18","3841910000"
"Nov 03, 2016","2098.80","2102.56","2085.23","2088.66","3892100000"
"Nov 02, 2016","2109.43","2111.76","2094.00","2097.94","4289120000"
"Nov 01, 2016","2128.68","2131.45","2097.85","2111.72","4539190000"
"Oct 31, 2016","2129.78","2133.25","2125.53","2126.15","3926560000"
"Oct 28, 2016","2132.23","2140.72","2119.36","2126.41","4028270000"
"Oct 27, 2016","2144.06","2147.13","2132.52","2133.04","4209400000"
"Oct 26, 2016","2136.97","2145.73","2131.59","2139.43","3778120000"
"Oct 25, 2016","2149.72","2151.44","2141.93","2143.16","3756200000"
"Oct 24, 2016","2148.50","2154.79","2146.91","2151.33","3359950000"
"Oct 21, 2016","2139.43","2142.63","2130.09","2141.16","3456390000"
"Oct 20, 2016","2142.51","2147.18","2133.44","2141.34","3339320000"
"Oct 19, 2016","2140.81","2148.44","2138.15","2144.29","3364990000"
"Oct 18, 2016","2138.31","2144.38","2135.49","2139.60","3172940000"
"Oct 17, 2016","2132.95","2135.61","2124.43","2126.50","2832440000"
"Oct 14, 2016","2139.68","2149.19","2132.98","2132.98","3187910000"
"Oct 13, 2016","2130.26","2138.19","2114.72","2132.55","3538030000"
"Oct 12, 2016","2137.67","2145.36","2132.77","2139.18","2959510000"
"Oct 11, 2016","2161.35","2161.56","2128.84","2136.73","3393060000"
"Oct 10, 2016","2160.39","2169.60","2160.39","2163.66","2881970000"
"Oct 07, 2016","2164.19","2165.86","2144.85","2153.74","3578770000"
"Oct 06, 2016","2158.22","2162.93","2150.28","2160.77","3438040000"
"Oct 05, 2016","2155.15","2163.95","2155.15","2159.73","3883710000"
"Oct 04, 2016","2163.37","2165.46","2144.01","2150.49","3716100000"
"Oct 03, 2016","2164.33","2164.41","2154.77","2161.20","3113850000"
"Sep 30, 2016","2156.51","2175.30","2156.51","2168.27","4158800000"
"Sep 29, 2016","2168.90","2172.67","2145.20","2151.13","4215620000"
"Sep 28, 2016","2161.85","2172.40","2151.79","2171.37","3860390000"
"Sep 27, 2016","2146.04","2161.13","2141.55","2159.93","3414090000"
"Sep 26, 2016","2158.54","2158.54","2145.04","2146.10","3199910000"
"Sep 23, 2016","2173.29","2173.75","2163.97","2164.69","3289860000"
"Sep 22, 2016","2170.94","2179.99","2170.94","2177.18","3523860000"
"Sep 21, 2016","2144.58","2165.11","2139.57","2163.12","3685450000"
"Sep 20, 2016","2145.94","2150.80","2139.17","2139.76","3117380000"
"Sep 19, 2016","2143.99","2153.61","2135.91","2139.12","3141820000"
"Sep 16, 2016","2146.48","2146.48","2131.20","2139.16","5014360000"
"Sep 15, 2016","2125.36","2151.31","2122.36","2147.26","3373720000"
"Sep 14, 2016","2127.86","2141.33","2119.90","2125.77","3664100000"
"Sep 13, 2016","2150.47","2150.47","2120.27","2127.02","4141670000"
"Sep 12, 2016","2120.86","2163.30","2119.12","2159.04","4010480000"
"Sep 09, 2016","2169.08","2169.08","2127.81","2127.81","4233960000"
"Sep 08, 2016","2182.76","2184.94","2177.49","2181.30","3727840000"
"Sep 07, 2016","2185.17","2187.87","2179.07","2186.16","3319420000"
"Sep 06, 2016","2181.61","2186.57","2175.10","2186.48","3447650000"
"Sep 02, 2016","2177.49","2184.87","2173.59","2179.98","3091120000"
"Sep 01, 2016","2171.33","2173.56","2157.09","2170.86","3392120000"
"Aug 31, 2016","2173.56","2173.79","2161.35","2170.95","3766390000"
"Aug 30, 2016","2179.45","2182.27","2170.41","2176.12","3006800000"
"Aug 29, 2016","2170.19","2183.48","2170.19","2180.38","2654780000"
"Aug 26, 2016","2175.10","2187.94","2160.39","2169.04","3342340000"
"Aug 25, 2016","2173.29","2179.00","2169.74","2172.47","2969310000"
"Aug 24, 2016","2185.09","2186.66","2171.25","2175.44","3148280000"
"Aug 23, 2016","2187.81","2193.42","2186.80","2186.90","3041490000"
"Aug 22, 2016","2181.58","2185.15","2175.96","2182.64","2777550000"
"Aug 19, 2016","2184.24","2185.00","2175.13","2183.87","3084800000"
"Aug 18, 2016","2181.90","2187.03","2180.46","2187.02","3300570000"
"Aug 17, 2016","2177.84","2183.08","2168.50","2182.22","3388910000"
"Aug 16, 2016","2186.24","2186.24","2178.14","2178.15","3196400000"
"Aug 15, 2016","2186.08","2193.81","2186.08","2190.15","3078530000"
"Aug 12, 2016","2183.74","2186.28","2179.42","2184.05","3000660000"
"Aug 11, 2016","2177.97","2188.45","2177.97","2185.79","3423160000"
"Aug 10, 2016","2182.81","2183.41","2172.00","2175.49","3254950000"
"Aug 09, 2016","2182.24","2187.66","2178.61","2181.74","3334300000"
"Aug 08, 2016","2183.76","2185.44","2177.85","2180.89","3327550000"
"Aug 05, 2016","2168.79","2182.87","2168.79","2182.87","3663070000"
"Aug 04, 2016","2163.51","2168.19","2159.07","2164.25","3709200000"
"Aug 03, 2016","2156.81","2163.79","2152.56","2163.79","3786530000"
"Aug 02, 2016","2169.94","2170.20","2147.58","2157.03","3848750000"
"Aug 01, 2016","2173.15","2178.29","2166.21","2170.84","3505990000"
"Jul 29, 2016","2168.83","2177.09","2163.49","2173.60","4038840000"
"Jul 28, 2016","2166.05","2172.85","2159.74","2170.06","3664240000"
"Jul 27, 2016","2169.81","2174.98","2159.07","2166.58","3995500000"
"Jul 26, 2016","2168.97","2173.54","2160.18","2169.18","3442350000"
"Jul 25, 2016","2173.71","2173.71","2161.95","2168.48","3057240000"
"Jul 22, 2016","2166.47","2175.11","2163.24","2175.03","3023280000"
"Jul 21, 2016","2172.91","2174.56","2159.75","2165.17","3438900000"
"Jul 20, 2016","2166.10","2175.63","2164.89","2173.02","3211860000"
"Jul 19, 2016","2163.79","2164.63","2159.01","2163.78","2968340000"
"Jul 18, 2016","2162.04","2168.35","2159.63","2166.89","3009310000"
"Jul 15, 2016","2165.13","2169.05","2155.79","2161.74","3122600000"
"Jul 14, 2016","2157.88","2168.99","2157.88","2163.75","3465610000"
"Jul 13, 2016","2153.81","2156.45","2146.21","2152.43","3502320000"
"Jul 12, 2016","2139.50","2155.40","2139.50","2152.14","4097820000"
"Jul 11, 2016","2131.72","2143.16","2131.72","2137.16","3253340000"
"Jul 08, 2016","2106.97","2131.71","2106.97","2129.90","3607500000"
"Jul 07, 2016","2100.42","2109.08","2089.39","2097.90","3604550000"
"Jul 06, 2016","2084.43","2100.72","2074.02","2099.73","3909380000"
"Jul 05, 2016","2095.05","2095.05","2080.86","2088.55","3658380000"
"Jul 01, 2016","2099.34","2108.71","2097.90","2102.95","3458890000"
"Jun 30, 2016","2073.17","2098.94","2070.00","2098.86","4622820000"
"Jun 29, 2016","2042.69","2073.13","2042.69","2070.77","4241740000"
"Jun 28, 2016","2006.67","2036.09","2006.67","2036.09","4385810000"
"Jun 27, 2016","2031.45","2031.45","1991.68","2000.54","5431220000"
"Jun 24, 2016","2103.81","2103.81","2032.57","2037.41","7597450000"
"Jun 23, 2016","2092.80","2113.32","2092.80","2113.32","3297940000"
"Jun 22, 2016","2089.75","2099.71","2084.36","2085.45","3168160000"
"Jun 21, 2016","2085.19","2093.66","2083.02","2088.90","3232880000"
"Jun 20, 2016","2075.58","2100.66","2075.58","2083.25","3467440000"
"Jun 17, 2016","2078.20","2078.20","2062.84","2071.22","4952630000"
"Jun 16, 2016","2066.36","2079.62","2050.37","2077.99","3628280000"
"Jun 15, 2016","2077.60","2085.65","2069.80","2071.50","3544720000"
"Jun 14, 2016","2076.65","2081.30","2064.10","2075.32","3759770000"
"Jun 13, 2016","2091.75","2098.12","2078.46","2079.06","3392030000"
"Jun 10, 2016","2109.57","2109.57","2089.96","2096.07","3515010000"
"Jun 09, 2016","2115.65","2117.64","2107.73","2115.48","3290320000"
"Jun 08, 2016","2112.71","2120.55","2112.71","2119.12","3562060000"
"Jun 07, 2016","2110.18","2119.22","2110.18","2112.13","3534730000"
"Jun 06, 2016","2100.83","2113.36","2100.83","2109.41","3442020000"
"Jun 03, 2016","2104.07","2104.07","2085.36","2099.13","3627780000"
"Jun 02, 2016","2097.71","2105.26","2088.59","2105.26","3632720000"
"Jun 01, 2016","2093.94","2100.97","2085.10","2099.33","3525170000"
"May 31, 2016","2100.13","2103.48","2088.66","2096.95","4514410000"
"May 27, 2016","2090.06","2099.06","2090.06","2099.06","3079150000"
"May 26, 2016","2091.44","2094.30","2087.08","2090.10","3230990000"
"May 25, 2016","2078.93","2094.73","2078.93","2090.54","3859160000"
"May 24, 2016","2052.65","2079.67","2052.65","2076.06","3627340000"
"May 23, 2016","2052.23","2055.58","2047.26","2048.04","3055480000"
"May 20, 2016","2041.88","2058.35","2041.88","2052.32","3507650000"
"May 19, 2016","2044.21","2044.21","2025.91","2040.04","3846770000"
"May 18, 2016","2044.38","2060.61","2034.49","2047.63","4101320000"
"May 17, 2016","2065.04","2065.69","2040.82","2047.21","4108960000"
"May 16, 2016","2046.53","2071.88","2046.53","2066.66","3501360000"
"May 13, 2016","2062.50","2066.79","2043.13","2046.61","3579880000"
"May 12, 2016","2067.17","2073.99","2053.13","2064.11","3782390000"
"May 11, 2016","2083.29","2083.29","2064.46","2064.46","3821980000"
"May 10, 2016","2062.63","2084.87","2062.63","2084.39","3600200000"
"May 09, 2016","2057.55","2064.15","2054.31","2058.69","3788620000"
"May 06, 2016","2047.77","2057.72","2039.45","2057.14","3796350000"
"May 05, 2016","2052.95","2060.23","2045.77","2050.63","4008530000"
"May 04, 2016","2060.30","2060.30","2045.55","2051.12","4058560000"
"May 03, 2016","2077.18","2077.18","2054.89","2063.37","4173390000"
"May 02, 2016","2067.17","2083.42","2066.11","2081.43","3841110000"
"Apr 29, 2016","2071.82","2073.85","2052.28","2065.30","4704720000"
"Apr 28, 2016","2090.93","2099.30","2071.62","2075.81","4309840000"
"Apr 27, 2016","2092.33","2099.89","2082.31","2095.15","4100110000"
"Apr 26, 2016","2089.84","2096.87","2085.80","2091.70","3557190000"
"Apr 25, 2016","2089.37","2089.37","2077.52","2087.79","3319740000"
"Apr 22, 2016","2091.49","2094.32","2081.20","2091.58","3790580000"
"Apr 21, 2016","2102.09","2103.78","2088.52","2091.48","4175290000"
"Apr 20, 2016","2101.52","2111.05","2096.32","2102.40","4184880000"
"Apr 19, 2016","2096.05","2104.05","2091.68","2100.80","3896830000"
"Apr 18, 2016","2078.83","2094.66","2073.65","2094.34","3316880000"
"Apr 15, 2016","2083.10","2083.22","2076.31","2080.73","3701450000"
"Apr 14, 2016","2082.89","2087.84","2078.13","2082.78","3765870000"
"Apr 13, 2016","2065.92","2083.18","2065.92","2082.42","4191830000"
"Apr 12, 2016","2043.72","2065.05","2039.74","2061.72","4239740000"
"Apr 11, 2016","2050.23","2062.93","2041.88","2041.99","3567840000"
"Apr 08, 2016","2045.54","2060.63","2041.69","2047.60","3359530000"
"Apr 07, 2016","2063.01","2063.01","2033.80","2041.91","3801250000"
"Apr 06, 2016","2045.56","2067.33","2043.09","2066.66","3750800000"
"Apr 05, 2016","2062.50","2062.50","2042.56","2045.17","4154920000"
"Apr 04, 2016","2073.19","2074.02","2062.57","2066.13","3485710000"
"Apr 01, 2016","2056.62","2075.07","2043.98","2072.78","3749990000"
"Mar 31, 2016","2063.77","2067.92","2057.46","2059.74","3715280000"
"Mar 30, 2016","2058.27","2072.21","2058.27","2063.95","3590310000"
"Mar 29, 2016","2035.75","2055.91","2028.31","2055.01","3822330000"
"Mar 28, 2016","2037.89","2042.67","2031.96","2037.05","2809090000"
"Mar 24, 2016","2032.48","2036.04","2022.49","2035.94","3407720000"
"Mar 23, 2016","2048.55","2048.55","2034.86","2036.71","3639510000"
"Mar 22, 2016","2048.64","2056.60","2040.57","2049.80","3418460000"
"Mar 21, 2016","2047.88","2053.91","2043.14","2051.60","3376600000"
"Mar 18, 2016","2041.16","2052.36","2041.16","2049.58","6503140000"
"Mar 17, 2016","2026.90","2046.24","2022.16","2040.59","4530480000"
"Mar 16, 2016","2014.24","2032.02","2010.04","2027.22","4057020000"
"Mar 15, 2016","2015.27","2015.94","2005.23","2015.93","3560280000"
"Mar 14, 2016","2019.27","2024.57","2012.05","2019.64","3487850000"
"Mar 11, 2016","1994.71","2022.37","1994.71","2022.19","4078620000"
"Mar 10, 2016","1990.97","2005.08","1969.25","1989.57","4376790000"
"Mar 09, 2016","1981.44","1992.69","1979.84","1989.26","4038120000"
"Mar 08, 2016","1996.88","1996.88","1977.43","1979.26","4641650000"
"Mar 07, 2016","1996.11","2006.12","1989.38","2001.76","4968180000"
"Mar 04, 2016","1994.01","2009.13","1986.77","1999.99","6049930000"
"Mar 03, 2016","1985.60","1993.69","1977.37","1993.40","5081700000"
"Mar 02, 2016","1976.60","1986.51","1968.80","1986.45","4666610000"
"Mar 01, 2016","1937.09","1978.35","1937.09","1978.35","4819750000"
"Feb 29, 2016","1947.13","1958.27","1931.81","1932.23","4588180000"
"Feb 26, 2016","1954.95","1962.96","1945.78","1948.05","4348510000"
"Feb 25, 2016","1931.87","1951.83","1925.41","1951.70","4118210000"
"Feb 24, 2016","1917.56","1932.08","1891.00","1929.80","4317250000"
"Feb 23, 2016","1942.38","1942.38","1919.44","1921.27","3890650000"
"Feb 22, 2016","1924.44","1946.70","1924.44","1945.50","4054710000"
"Feb 19, 2016","1916.74","1918.78","1902.17","1917.78","4142850000"
"Feb 18, 2016","1927.57","1930.00","1915.09","1917.83","4436490000"
"Feb 17, 2016","1898.80","1930.68","1898.80","1926.82","5011540000"
"Feb 16, 2016","1871.44","1895.77","1871.44","1895.58","4570670000"
"Feb 12, 2016","1833.40","1864.78","1833.40","1864.78","4696920000"
"Feb 11, 2016","1847.00","1847.00","1810.10","1829.08","5500800000"
"Feb 10, 2016","1857.10","1881.60","1850.32","1851.86","4471170000"
"Feb 09, 2016","1848.46","1868.25","1834.94","1852.21","5183220000"
"Feb 08, 2016","1873.25","1873.25","1828.46","1853.44","5636460000"
"Feb 05, 2016","1913.07","1913.07","1872.65","1880.05","4929940000"
"Feb 04, 2016","1911.67","1927.35","1900.52","1915.45","5193320000"
"Feb 03, 2016","1907.07","1918.01","1872.23","1912.53","5172950000"
"Feb 02, 2016","1935.26","1935.26","1897.29","1903.03","4463190000"
"Feb 01, 2016","1936.94","1947.20","1920.30","1939.38","4322530000"
"Jan 29, 2016","1894.00","1940.24","1894.00","1940.24","5497570000"
"Jan 28, 2016","1885.22","1902.96","1873.65","1893.36","4693010000"
"Jan 27, 2016","1902.52","1916.99","1872.70","1882.95","4754040000"
"Jan 26, 2016","1878.79","1906.73","1878.79","1903.63","4357940000"
"Jan 25, 2016","1906.28","1906.28","1875.97","1877.08","4401380000"
"Jan 22, 2016","1877.40","1908.85","1877.40","1906.90","4901760000"
"Jan 21, 2016","1861.46","1889.85","1848.98","1868.99","5078810000"
"Jan 20, 2016","1876.18","1876.18","1812.29","1859.33","6416070000"
"Jan 19, 2016","1888.66","1901.44","1864.60","1881.33","4928350000"
"Jan 15, 2016","1916.68","1916.68","1857.83","1880.33","5468460000"
"Jan 14, 2016","1891.68","1934.47","1878.93","1921.84","5241110000"
"Jan 13, 2016","1940.34","1950.33","1886.41","1890.28","5087030000"
"Jan 12, 2016","1927.83","1947.38","1914.35","1938.68","4887260000"
"Jan 11, 2016","1926.12","1935.65","1901.10","1923.67","4607290000"
"Jan 08, 2016","1945.97","1960.40","1918.46","1922.03","4664940000"
"Jan 07, 2016","1985.32","1985.32","1938.83","1943.09","5076590000"
"Jan 06, 2016","2011.71","2011.71","1979.05","1990.26","4336660000"
"Jan 05, 2016","2013.78","2021.94","2004.17","2016.71","3706620000"
"Jan 04, 2016","2038.20","2038.20","1989.68","2012.66","4304880000"
"Dec 31, 2015","2060.59","2062.54","2043.62","2043.94","2655330000"
"Dec 30, 2015","2077.34","2077.34","2061.97","2063.36","2367430000"
"Dec 29, 2015","2060.54","2081.56","2060.54","2078.36","2542000000"
"Dec 28, 2015","2057.77","2057.77","2044.20","2056.50","2492510000"
"Dec 24, 2015","2063.52","2067.36","2058.73","2060.99","1411860000"
"Dec 23, 2015","2042.20","2064.73","2042.20","2064.29","3484090000"
"Dec 22, 2015","2023.15","2042.74","2020.49","2038.97","3520860000"
"Dec 21, 2015","2010.27","2022.90","2005.93","2021.15","3760280000"
"Dec 18, 2015","2040.81","2040.81","2005.33","2005.55","6683070000"
"Dec 17, 2015","2073.76","2076.37","2041.66","2041.89","4327390000"
"Dec 16, 2015","2046.50","2076.72","2042.43","2073.07","4635450000"
"Dec 15, 2015","2025.55","2053.87","2025.55","2043.41","4353540000"
"Dec 14, 2015","2013.37","2022.92","1993.26","2021.94","4612440000"
"Dec 11, 2015","2047.27","2047.27","2008.80","2012.37","4301060000"
"Dec 10, 2015","2047.93","2067.65","2045.67","2052.23","3715150000"
"Dec 09, 2015","2061.17","2080.33","2036.53","2047.62","4385250000"
"Dec 08, 2015","2073.39","2073.85","2052.32","2063.59","4173570000"
"Dec 07, 2015","2090.42","2090.42","2066.78","2077.07","4043820000"
"Dec 04, 2015","2051.24","2093.84","2051.24","2091.69","4214910000"
"Dec 03, 2015","2080.71","2085.00","2042.35","2049.62","4306490000"
"Dec 02, 2015","2101.71","2104.27","2077.11","2079.51","3950640000"
"Dec 01, 2015","2082.93","2103.37","2082.93","2102.63","3712120000"
"Nov 30, 2015","2090.95","2093.81","2080.41","2080.41","4275030000"
"Nov 27, 2015","2088.82","2093.29","2084.13","2090.11","1466840000"
"Nov 25, 2015","2089.30","2093.00","2086.30","2088.87","2852940000"
"Nov 24, 2015","2084.42","2094.12","2070.29","2089.14","3884930000"
"Nov 23, 2015","2089.41","2095.61","2081.39","2086.59","3587980000"
"Nov 20, 2015","2082.82","2097.06","2082.82","2089.17","3929600000"
"Nov 19, 2015","2083.70","2086.74","2078.76","2081.24","3628110000"
"Nov 18, 2015","2051.99","2085.31","2051.99","2083.58","3926390000"
"Nov 17, 2015","2053.67","2066.69","2045.90","2050.44","4427350000"
"Nov 16, 2015","2022.08","2053.22","2019.39","2053.19","3741240000"
"Nov 13, 2015","2044.64","2044.64","2022.02","2023.04","4278750000"
"Nov 12, 2015","2072.29","2072.29","2045.66","2045.97","4016370000"
"Nov 11, 2015","2083.41","2086.94","2074.85","2075.00","3692410000"
"Nov 10, 2015","2077.19","2083.67","2069.91","2081.72","3821440000"
"Nov 09, 2015","2096.56","2096.56","2068.24","2078.58","3882350000"
"Nov 06, 2015","2098.60","2101.91","2083.74","2099.20","4369020000"
"Nov 05, 2015","2101.68","2108.78","2090.41","2099.93","4051890000"
"Nov 04, 2015","2110.60","2114.59","2096.98","2102.31","4078870000"
"Nov 03, 2015","2102.63","2116.48","2097.51","2109.79","4272060000"
"Nov 02, 2015","2080.76","2106.20","2080.76","2104.05","3760020000"
"Oct 30, 2015","2090.00","2094.32","2079.34","2079.36","4256200000"
"Oct 29, 2015","2088.35","2092.52","2082.63","2089.41","4008940000"
"Oct 28, 2015","2066.48","2090.35","2063.11","2090.35","4698110000"
"Oct 27, 2015","2068.75","2070.37","2058.84","2065.89","4216880000"
"Oct 26, 2015","2075.08","2075.14","2066.53","2071.18","3385800000"
"Oct 23, 2015","2058.19","2079.74","2058.19","2075.15","4108460000"